sample_idx,time_us,interval_ms
1,10118,10.113000
2,19970,9.852000
3,29922,9.952000
4,40063,10.141000
5,50088,10.025000
6,60021,9.933000
7,70007,9.986000
8,79867,9.860000
9,90143,10.276000
10,100133,9.990000
11,109865,9.732000
12,119770,9.905000
13,129895,10.125000
14,139949,10.054000
15,149849,9.900000
16,160047,10.198000
17,170088,10.041000
18,179949,9.861000
19,189736,9.787000
20,199766,10.030000
21,209926,10.160000
22,220494,10.568000
23,229871,9.377000
24,240118,10.247000
25,250214,10.096000
26,260122,9.908000
27,270246,10.124000
28,280117,9.871000
29,289974,9.857000
30,299864,9.890000
31,309711,9.847000
32,320187,10.476000
33,329884,9.697000
34,339792,9.908000
35,349895,10.103000
36,359879,9.984000
37,369942,10.063000
38,379932,9.990000
39,389778,9.846000
40,399959,10.181000
41,410001,10.042000
42,420056,10.055000
43,429845,9.789000
44,439939,10.094000
45,450060,10.121000
46,460039,9.979000
47,469659,9.620000
48,480075,10.416000
49,489982,9.907000
50,500482,10.500000
51,510299,9.817000
52,519729,9.430000
53,529976,10.247000
54,539985,10.009000
55,549859,9.874000
56,559938,10.079000
57,569974,10.036000
58,579777,9.803000
59,590163,10.386000
60,600024,9.861000
61,609919,9.895000
62,620023,10.104000
63,630042,10.019000
64,639862,9.820000
65,650166,10.304000
66,659895,9.729000
67,669694,9.799000
68,680094,10.400000
69,689717,9.623000
70,700073,10.356000
71,710062,9.989000
72,719923,9.861000
73,730072,10.149000
74,739986,9.914000
75,750170,10.184000
76,760010,9.840000
77,769874,9.864000
78,780272,10.398000
79,790054,9.782000
80,800071,10.017000
81,810009,9.938000
82,819989,9.980000
83,830014,10.025000
84,839896,9.882000
85,850204,10.308000
86,860290,10.086000
87,869933,9.643000
88,879957,10.024000
89,889936,9.979000
90,899693,9.757000
91,909919,10.226000
92,919984,10.065000
93,929908,9.924000
94,939985,10.077000
95,950014,10.029000
96,959517,9.503000
97,970000,10.483000
98,979673,9.673000
99,989830,10.157000
100,999885,10.055000
101,1010176,10.291000
102,1020031,9.855000
103,1029975,9.944000
104,1039923,9.948000
105,1050018,10.095000
106,1059870,9.852000
107,1069914,10.044000
108,1079770,9.856000
109,1089936,10.166000
110,1099887,9.951000
111,1109789,9.902000
112,1119942,10.153000
113,1130096,10.154000
114,1139935,9.839000
115,1149986,10.051000
116,1160177,10.191000
117,1170137,9.960000
118,1180187,10.050000
119,1189956,9.769000
120,1199846,9.890000
121,1210252,10.406000
122,1220277,10.025000
123,1230080,9.803000
124,1239940,9.860000
125,1250000,10.060000
126,1260234,10.234000
127,1270103,9.869000
128,1279846,9.743000
129,1290023,10.177000
130,1299779,9.756000
131,1309943,10.164000
132,1319973,10.030000
133,1329901,9.928000
134,1340177,10.276000
135,1349861,9.684000
136,1360122,10.261000
137,1370091,9.969000
138,1379954,9.863000
139,1390132,10.178000
140,1400063,9.931000
141,1409903,9.840000
142,1419860,9.957000
143,1429806,9.946000
144,1440119,10.313000
145,1449832,9.713000
146,1460036,10.204000
147,1469829,9.793000
148,1480237,10.408000
149,1490033,9.796000
150,1500158,10.125000
151,1509911,9.753000
152,1520241,10.330000
153,1530235,9.994000
154,1539985,9.750000
155,1550035,10.050000
156,1559889,9.854000
157,1569861,9.972000
158,1579928,10.067000
159,1589948,10.020000
160,1599936,9.988000
161,1610127,10.191000
162,1620183,10.056000
163,1630047,9.864000
164,1640196,10.149000
165,1649985,9.789000
166,1659846,9.861000
167,1669958,10.112000
168,1679859,9.901000
169,1689669,9.810000
170,1700181,10.512000
171,1710066,9.885000
172,1720265,10.199000
173,1730112,9.847000
174,1739952,9.840000
175,1750175,10.223000
176,1759875,9.700000
177,1770036,10.161000
178,1779891,9.855000
179,1790028,10.137000
180,1799834,9.806000
181,1809960,10.126000
182,1820026,10.066000
183,1830376,10.350000
184,1840019,9.643000
185,1849889,9.870000
186,1860124,10.235000
187,1869889,9.765000
188,1880270,10.381000
189,1889929,9.659000
190,1899745,9.816000
191,1909986,10.241000
192,1920167,10.181000
193,1930210,10.043000
194,1939904,9.694000
195,1950113,10.209000
196,1959720,9.607000
197,1969946,10.226000
198,1980037,10.091000
199,1989700,9.663000
200,2000166,10.466000
201,2010270,10.104000
202,2020100,9.830000
203,2030346,10.246000
204,2040101,9.755000
205,2050011,9.910000
206,2060088,10.077000
207,2069690,9.602000
208,2079999,10.309000
209,2090036,10.037000
210,2100112,10.076000
211,2109856,9.744000
212,2119906,10.050000
213,2129854,9.948000
214,2139894,10.040000
215,2149880,9.986000
216,2160057,10.177000
217,2169836,9.779000
218,2180079,10.243000
219,2190093,10.014000
220,2199959,9.866000
221,2210071,10.112000
222,2219736,9.665000
223,2230039,10.303000
224,2240149,10.110000
225,2250019,9.870000
226,2260380,10.361000
227,2269980,9.600000
228,2280149,10.169000
229,2290070,9.921000
230,2299875,9.805000
231,2310099,10.224000
232,2320146,10.047000
233,2329886,9.740000
234,2340076,10.190000
235,2349973,9.897000
236,2360085,10.112000
237,2369912,9.827000
238,2379966,10.054000
239,2390150,10.184000
240,2400059,9.909000
241,2409938,9.879000
242,2420045,10.107000
243,2429931,9.886000
244,2439941,10.010000
245,2449986,10.045000
246,2459928,9.942000
247,2469913,9.985000
248,2480144,10.231000
249,2489929,9.785000
250,2500122,10.193000
251,2509887,9.765000
252,2520002,10.115000
253,2530010,10.008000
254,2539932,9.922000
255,2550074,10.142000
256,2559849,9.775000
257,2570419,10.570000
258,2579690,9.271000
259,2590177,10.487000
260,2599955,9.778000
261,2610108,10.153000
262,2620021,9.913000
263,2630333,10.312000
264,2640024,9.691000
265,2650111,10.087000
266,2659882,9.771000
267,2669865,9.983000
268,2680031,10.166000
269,2690228,10.197000
270,2699811,9.583000
271,2710233,10.422000
272,2720105,9.872000
273,2730016,9.911000
274,2740033,10.017000
275,2750056,10.023000
276,2760013,9.957000
277,2770025,10.012000
278,2779899,9.874000
279,2789978,10.079000
280,2800021,10.043000
281,2809937,9.916000
282,2820064,10.127000
283,2829907,9.843000
284,2840070,10.163000
285,2850019,9.949000
286,2860082,10.063000
287,2870180,10.098000
288,2879788,9.608000
289,2889898,10.110000
290,2899991,10.093000
291,2909936,9.945000
292,2919694,9.758000
293,2930219,10.525000
294,2940059,9.840000
295,2950158,10.099000
296,2960134,9.976000
297,2970211,10.077000
298,2979794,9.583000
299,2990172,10.378000
300,2999906,9.734000
301,3009638,9.732000
302,3019760,10.122000
303,3029954,10.194000
304,3039931,9.977000
305,3049957,10.026000
306,3059828,9.871000
307,3069944,10.116000
308,3080228,10.284000
309,3090005,9.777000
310,3099875,9.870000
311,3109808,9.933000
312,3119948,10.140000
313,3129890,9.942000
314,3139828,9.938000
315,3149809,9.981000
316,3160126,10.317000
317,3170183,10.057000
318,3180036,9.853000
319,3190104,10.068000
320,3200101,9.997000
321,3209765,9.664000
322,3219966,10.201000
323,3230091,10.125000
324,3240040,9.949000
325,3250013,9.973000
326,3260105,10.092000
327,3270144,10.039000
328,3279956,9.812000
329,3289891,9.935000
330,3300179,10.288000
331,3310096,9.917000
332,3320123,10.027000
333,3329997,9.874000
334,3339860,9.863000
335,3350052,10.192000
336,3360104,10.052000
337,3370332,10.228000
338,3379974,9.642000
339,3389863,9.889000
340,3399807,9.944000
341,3409989,10.182000
342,3419928,9.939000
343,3430261,10.333000
344,3440156,9.895000
345,3449727,9.571000
346,3459831,10.104000
347,3470003,10.172000
348,3479654,9.651000
349,3489943,10.289000
350,3500095,10.152000
351,3510218,10.123000
352,3520102,9.884000
353,3530158,10.056000
354,3540007,9.849000
355,3550062,10.055000
356,3559959,9.897000
357,3570200,10.241000
358,3580035,9.835000
359,3590057,10.022000
360,3600014,9.957000
361,3609840,9.826000
362,3619889,10.049000
363,3630102,10.213000
364,3640047,9.945000
365,3650112,10.065000
366,3660239,10.127000
367,3669714,9.475000
368,3680142,10.428000
369,3690127,9.985000
370,3700135,10.008000
371,3709854,9.719000
372,3720036,10.182000
373,3730126,10.090000
374,3740004,9.878000
375,3749963,9.959000
376,3760003,10.040000
377,3770029,10.026000
378,3779974,9.945000
379,3790030,10.056000
380,3800033,10.003000
381,3809900,9.867000
382,3819974,10.074000
383,3829837,9.863000
384,3840047,10.210000
385,3850016,9.969000
386,3860001,9.985000
387,3869853,9.852000
388,3880118,10.265000
389,3890186,10.068000
390,3900160,9.974000
391,3909657,9.497000
392,3919883,10.226000
393,3930135,10.252000
394,3940040,9.905000
395,3949896,9.856000
396,3959820,9.924000
397,3970109,10.289000
398,3979877,9.768000
399,3990086,10.209000
400,4000012,9.926000
401,4009953,9.941000
402,4019905,9.952000
403,4029803,9.898000
404,4040069,10.266000
405,4050022,9.953000
406,4059952,9.930000
407,4070031,10.079000
408,4079986,9.955000
409,4090067,10.081000
410,4100206,10.139000
411,4110276,10.070000
412,4120306,10.030000
413,4129695,9.389000
414,4140175,10.480000
415,4150157,9.982000
416,4159960,9.803000
417,4169854,9.894000
418,4180051,10.197000
419,4189994,9.943000
420,4200244,10.250000
421,4210062,9.818000
422,4220074,10.012000
423,4230177,10.103000
424,4239931,9.754000
425,4249770,9.839000
426,4260024,10.254000
427,4270222,10.198000
428,4280141,9.919000
429,4290220,10.079000
430,4299935,9.715000
431,4309822,9.887000
432,4319967,10.145000
433,4329998,10.031000
434,4340249,10.251000
435,4350146,9.897000
436,4360103,9.957000
437,4369897,9.794000
438,4380105,10.208000
439,4389810,9.705000
440,4400150,10.340000
441,4409951,9.801000
442,4419929,9.978000
443,4429945,10.016000
444,4440180,10.235000
445,4450012,9.832000
446,4460108,10.096000
447,4470073,9.965000
448,4479780,9.707000
449,4490137,10.357000
450,4500308,10.171000
451,4509837,9.529000
452,4520104,10.267000
453,4530094,9.990000
454,4540040,9.946000
455,4549786,9.746000
456,4559933,10.147000
457,4570001,10.068000
458,4579915,9.914000
459,4590161,10.246000
460,4600008,9.847000
461,4610229,10.221000
462,4620106,9.877000
463,4630276,10.170000
464,4639970,9.694000
465,4649992,10.022000
466,4659949,9.957000
467,4669744,9.795000
468,4679995,10.251000
469,4690150,10.155000
470,4700088,9.938000
471,4710158,10.070000
472,4720063,9.905000
473,4729968,9.905000
474,4739847,9.879000
475,4749855,10.008000
476,4759967,10.112000
477,4770001,10.034000
478,4779976,9.975000
479,4789911,9.935000
480,4800165,10.254000
481,4810138,9.973000
482,4820101,9.963000
483,4830046,9.945000
484,4840021,9.975000
485,4849919,9.898000
486,4860169,10.250000
487,4869853,9.684000
488,4879855,10.002000
489,4890020,10.165000
490,4899861,9.841000
491,4910046,10.185000
492,4920088,10.042000
493,4930146,10.058000
494,4939799,9.653000
495,4949793,9.994000
496,4959960,10.167000
497,4969903,9.943000
498,4980277,10.374000
499,4990123,9.846000
500,4999971,9.848000
501,5009859,9.888000
502,5020086,10.227000
503,5029894,9.808000
504,5039923,10.029000
505,5049800,9.877000
506,5059884,10.084000
507,5070065,10.181000
508,5079937,9.872000
509,5090149,10.212000
510,5099975,9.826000
511,5110287,10.312000
512,5119989,9.702000
513,5129916,9.927000
514,5140111,10.195000
515,5149964,9.853000
516,5159851,9.887000
517,5170183,10.332000
518,5179865,9.682000
519,5189934,10.069000
520,5199949,10.015000
521,5210018,10.069000
522,5219972,9.954000
523,5229999,10.027000
524,5239966,9.967000
525,5250099,10.133000
526,5260151,10.052000
527,5269842,9.691000
528,5279973,10.131000
529,5289876,9.903000
530,5299998,10.122000
531,5310019,10.021000
532,5320068,10.049000
533,5329839,9.771000
534,5340059,10.220000
535,5349864,9.805000
536,5360122,10.258000
537,5369738,9.616000
538,5379954,10.216000
539,5389927,9.973000
540,5399920,9.993000
541,5410067,10.147000
542,5420085,10.018000
543,5430132,10.047000
544,5440093,9.961000
545,5450078,9.985000
546,5460086,10.008000
547,5469993,9.907000
548,5479977,9.984000
549,5489900,9.923000
550,5500231,10.331000
551,5509678,9.447000
552,5519893,10.215000
553,5530341,10.448000
554,5540099,9.758000
555,5549825,9.726000
556,5559867,10.042000
557,5569819,9.952000
558,5579981,10.162000
559,5590024,10.043000
560,5600029,10.005000
561,5609840,9.811000
562,5619976,10.136000
563,5630080,10.104000
564,5639915,9.835000
565,5649918,10.003000
566,5660082,10.164000
567,5670241,10.159000
568,5680000,9.759000
569,5690178,10.178000
570,5700105,9.927000
571,5709992,9.887000
572,5720051,10.059000
573,5730182,10.131000
574,5739994,9.812000
575,5749875,9.881000
576,5759847,9.972000
577,5769803,9.956000
578,5780195,10.392000
579,5790125,9.930000
580,5799986,9.861000
581,5810104,10.118000
582,5820254,10.150000
583,5830201,9.947000
584,5840134,9.933000
585,5849844,9.710000
586,5859876,10.032000
587,5870042,10.166000
588,5880134,10.092000
589,5890332,10.198000
590,5899732,9.400000
591,5909894,10.162000
592,5919877,9.983000
593,5929943,10.066000
594,5940023,10.080000
595,5950113,10.090000
596,5959985,9.872000
597,5970088,10.103000
598,5980275,10.187000
599,5990013,9.738000
600,5999874,9.861000
601,6010129,10.255000
602,6019702,9.573000
603,6030210,10.508000
604,6040385,10.175000
605,6049896,9.511000
606,6060127,10.231000
607,6069847,9.720000
608,6080046,10.199000
609,6089923,9.877000
610,6099678,9.755000
611,6109629,9.951000
612,6120100,10.471000
613,6129964,9.864000
614,6139876,9.912000
615,6150113,10.237000
616,6159923,9.810000
617,6170084,10.161000
618,6180068,9.984000
619,6190023,9.955000
620,6200171,10.148000
621,6209988,9.817000
622,6220033,10.045000
623,6230001,9.968000
624,6240165,10.164000
625,6249985,9.820000
626,6260005,10.020000
627,6269947,9.942000
628,6279969,10.022000
629,6289915,9.946000
630,6300082,10.167000
631,6309974,9.892000
632,6319979,10.005000
633,6330122,10.143000
634,6340160,10.038000
635,6350220,10.060000
636,6359807,9.587000
637,6369724,9.917000
638,6379880,10.156000
639,6389974,10.094000
640,6399893,9.919000
641,6409948,10.055000
642,6420166,10.218000
643,6430231,10.065000
644,6439970,9.739000
645,6450347,10.377000
646,6459939,9.592000
647,6469882,9.943000
648,6480004,10.122000
649,6489916,9.912000
650,6499982,10.066000
651,6509976,9.994000
652,6520049,10.073000
653,6529759,9.710000
654,6539875,10.116000
655,6549728,9.853000
656,6560110,10.382000
657,6569929,9.819000
658,6579977,10.048000
659,6589699,9.722000
660,6600020,10.321000
661,6610170,10.150000
662,6619823,9.653000
663,6629956,10.133000
664,6639764,9.808000
665,6649955,10.191000
666,6660228,10.273000
667,6670319,10.091000
668,6680074,9.755000
669,6689884,9.810000
670,6700270,10.386000
671,6710112,9.842000
672,6720060,9.948000
673,6730005,9.945000
674,6740077,10.072000
675,6749772,9.695000
676,6759815,10.043000
677,6769946,10.131000
678,6779792,9.846000
679,6790219,10.427000
680,6800003,9.784000
681,6810063,10.060000
682,6820361,10.298000
683,6829992,9.631000
684,6840231,10.239000
685,6849798,9.567000
686,6859959,10.161000
687,6869984,10.025000
688,6880191,10.207000
689,6889812,9.621000
690,6900034,10.222000
691,6910017,9.983000
692,6920014,9.997000
693,6929895,9.881000
694,6939964,10.069000
695,6949863,9.899000
696,6960075,10.212000
697,6969876,9.801000
698,6979948,10.072000
699,6990047,10.099000
700,6999799,9.752000
701,7009917,10.118000
702,7019872,9.955000
703,7030150,10.278000
704,7039935,9.785000
705,7049958,10.023000
706,7059953,9.995000
707,7070011,10.058000
708,7079951,9.940000
709,7090154,10.203000
710,7099794,9.640000
711,7109825,10.031000
712,7120174,10.349000
713,7130052,9.878000
714,7140202,10.150000
715,7149921,9.719000
716,7159844,9.923000
717,7169831,9.987000
718,7180027,10.196000
719,7190095,10.068000
720,7199984,9.889000
721,7209911,9.927000
722,7220022,10.111000
723,7230012,9.990000
724,7239917,9.905000
725,7250023,10.106000
726,7259883,9.860000
727,7270247,10.364000
728,7279812,9.565000
729,7290001,10.189000
730,7300101,10.100000
731,7309925,9.824000
732,7320082,10.157000
733,7329806,9.724000
734,7340057,10.251000
735,7350059,10.002000
736,7359873,9.814000
737,7369918,10.045000
738,7380251,10.333000
739,7390103,9.852000
740,7400121,10.018000
741,7410052,9.931000
742,7419809,9.757000
743,7429848,10.039000
744,7440032,10.184000
745,7450356,10.324000
746,7459912,9.556000
747,7469616,9.704000
748,7480166,10.550000
749,7490057,9.891000
750,7499874,9.817000
751,7510046,10.172000
752,7520222,10.176000
753,7530224,10.002000
754,7539929,9.705000
755,7549884,9.955000
756,7559825,9.941000
757,7569759,9.934000
758,7579973,10.214000
759,7590107,10.134000
760,7599816,9.709000
761,7610214,10.398000
762,7620090,9.876000
763,7629892,9.802000
764,7639685,9.793000
765,7649908,10.223000
766,7660130,10.222000
767,7670176,10.046000
768,7680148,9.972000
769,7690198,10.050000
770,7699917,9.719000
771,7709848,9.931000
772,7719826,9.978000
773,7729955,10.129000
774,7739814,9.859000
775,7749985,10.171000
776,7760108,10.123000
777,7770087,9.979000
778,7780138,10.051000
779,7790126,9.988000
780,7800027,9.901000
781,7810050,10.023000
782,7820038,9.988000
783,7830171,10.133000
784,7839965,9.794000
785,7849732,9.767000
786,7860119,10.387000
787,7869888,9.769000
788,7879999,10.111000
789,7889963,9.964000
790,7899874,9.911000
791,7910165,10.291000
792,7919953,9.788000
793,7930207,10.254000
794,7939790,9.583000
795,7950198,10.408000
796,7959942,9.744000
797,7969841,9.899000
798,7979565,9.724000
799,7990124,10.559000
800,7999982,9.858000
801,8009604,9.622000
802,8020312,10.708000
803,8029996,9.684000
804,8040263,10.267000
805,8050202,9.939000
806,8060019,9.817000
807,8070177,10.158000
808,8080118,9.941000
809,8090264,10.146000
810,8099939,9.675000
811,8109905,9.966000
812,8119991,10.086000
813,8130080,10.089000
814,8140113,10.033000
815,8149979,9.866000
816,8160072,10.093000
817,8169490,9.418000
818,8180175,10.685000
819,8189744,9.569000
820,8199756,10.012000
821,8209757,10.001000
822,8220128,10.371000
823,8230003,9.875000
824,8240125,10.122000
825,8249881,9.756000
826,8260264,10.383000
827,8269828,9.564000
828,8280056,10.228000
829,8290125,10.069000
830,8299778,9.653000
831,8310054,10.276000
832,8319986,9.932000
833,8330047,10.061000
834,8339987,9.940000
835,8349933,9.946000
836,8360078,10.145000
837,8369860,9.782000
838,8379917,10.057000
839,8389819,9.902000
840,8400093,10.274000
841,8410025,9.932000
842,8419933,9.908000
843,8430009,10.076000
844,8439799,9.790000
845,8449735,9.936000
846,8459908,10.173000
847,8469936,10.028000
848,8479844,9.908000
849,8490124,10.280000
850,8500132,10.008000
851,8509731,9.599000
852,8519997,10.266000
853,8529840,9.843000
854,8539692,9.852000
855,8550036,10.344000
856,8560057,10.021000
857,8570062,10.005000
858,8579944,9.882000
859,8590026,10.082000
860,8599793,9.767000
861,8610060,10.267000
862,8619810,9.750000
863,8630084,10.274000
864,8639769,9.685000
865,8650049,10.280000
866,8660228,10.179000
867,8670003,9.775000
868,8680023,10.020000
869,8689908,9.885000
870,8699869,9.961000
871,8709996,10.127000
872,8719915,9.919000
873,8729891,9.976000
874,8739946,10.055000
875,8749997,10.051000
876,8759984,9.987000
877,8769870,9.886000
878,8780254,10.384000
879,8790222,9.968000
880,8799931,9.709000
881,8809871,9.940000
882,8820096,10.225000
883,8829943,9.847000
884,8840078,10.135000
885,8849973,9.895000
886,8859957,9.984000
887,8869743,9.786000
888,8879880,10.137000
889,8890194,10.314000
890,8899952,9.758000
891,8909859,9.907000
892,8919998,10.139000
893,8929988,9.990000
894,8940287,10.299000
895,8949921,9.634000
896,8959890,9.969000
897,8969969,10.079000
898,8979979,10.010000
899,8990281,10.302000
900,8999750,9.469000
901,9009924,10.174000
902,9020084,10.160000
903,9029978,9.894000
904,9039884,9.906000
905,9050176,10.292000
906,9060454,10.278000
907,9070059,9.605000
908,9079969,9.910000
909,9089945,9.976000
910,9100002,10.057000
911,9110099,10.097000
912,9119987,9.888000
913,9129859,9.872000
914,9140158,10.299000
915,9150301,10.143000
916,9160304,10.003000
917,9169648,9.344000
918,9179869,10.221000
919,9190095,10.226000
920,9200126,10.031000
921,9210070,9.944000
922,9219678,9.608000
923,9230158,10.480000
924,9239820,9.662000
925,9250217,10.397000
926,9260131,9.914000
927,9269871,9.740000
928,9280106,10.235000
929,9289940,9.834000
930,9300111,10.171000
931,9309792,9.681000
932,9319630,9.838000
933,9329922,10.292000
934,9340005,10.083000
935,9349913,9.908000
936,9360230,10.317000
937,9370276,10.046000
938,9379985,9.709000
939,9390178,10.193000
940,9399903,9.725000
941,9410086,10.183000
942,9419782,9.696000
943,9429834,10.052000
944,9439823,9.989000
945,9450042,10.219000
946,9459994,9.952000
947,9469792,9.798000
948,9479871,10.079000
949,9490194,10.323000
950,9499950,9.756000
951,9510000,10.050000
952,9520125,10.125000
953,9530059,9.934000
954,9540069,10.010000
955,9549692,9.623000
956,9560071,10.379000
957,9569991,9.920000
958,9579925,9.934000
959,9589893,9.968000
960,9600082,10.189000
961,9609921,9.839000
962,9620217,10.296000
963,9629901,9.684000
964,9640057,10.156000
965,9650361,10.304000
966,9660296,9.935000
967,9670244,9.948000
968,9679762,9.518000
969,9690169,10.407000
970,9699984,9.815000
971,9710084,10.100000
972,9719896,9.812000
973,9730281,10.385000
974,9739888,9.607000
975,9749702,9.814000
976,9760122,10.420000
977,9769814,9.692000
978,9780130,10.316000
979,9790128,9.998000
980,9800160,10.032000
981,9809762,9.602000
982,9819932,10.170000
983,9830180,10.248000
984,9840021,9.841000
985,9850159,10.138000
986,9859875,9.716000
987,9870267,10.392000
988,9880032,9.765000
989,9890151,10.119000
990,9899853,9.702000
991,9910038,10.185000
992,9920085,10.047000
993,9929912,9.827000
994,9939883,9.971000
995,9950148,10.265000
996,9959927,9.779000
997,9969880,9.953000
998,9979897,10.017000
999,9990048,10.151000
1000,9999945,9.897000
1001,10010091,10.146000
1002,10019891,9.800000
1003,10029938,10.047000
1004,10039970,10.032000
1005,10049920,9.950000
1006,10060054,10.134000
1007,10070127,10.073000
1008,10079972,9.845000
1009,10089867,9.895000
1010,10100171,10.304000
1011,10110001,9.830000
1012,10120018,10.017000
1013,10130149,10.131000
1014,10140136,9.987000
1015,10149967,9.831000
1016,10159922,9.955000
1017,10170026,10.104000
1018,10180126,10.100000
1019,10189901,9.775000
1020,10199808,9.907000
1021,10209983,10.175000
1022,10219715,9.732000
1023,10229931,10.216000
1024,10240097,10.166000
1025,10250192,10.095000
1026,10259856,9.664000
1027,10269885,10.029000
1028,10279788,9.903000
1029,10289962,10.174000
1030,10300028,10.066000
1031,10309984,9.956000
1032,10320074,10.090000
1033,10329880,9.806000
1034,10339896,10.016000
1035,10350373,10.477000
1036,10359617,9.244000
1037,10369869,10.252000
1038,10380000,10.131000
1039,10389962,9.962000
1040,10400027,10.065000
1041,10409831,9.804000
1042,10420085,10.254000
1043,10429789,9.704000
1044,10440028,10.239000
1045,10449920,9.892000
1046,10460113,10.193000
1047,10470144,10.031000
1048,10480064,9.920000
1049,10490211,10.147000
1050,10499804,9.593000
1051,10510066,10.262000
1052,10520039,9.973000
1053,10529947,9.908000
1054,10539887,9.940000
1055,10550090,10.203000
1056,10560198,10.108000
1057,10569811,9.613000
1058,10580185,10.374000
1059,10589971,9.786000
1060,10600135,10.164000
1061,10610295,10.160000
1062,10619419,9.124000
1063,10629750,10.331000
1064,10640099,10.349000
1065,10649924,9.825000
1066,10660186,10.262000
1067,10670134,9.948000
1068,10679969,9.835000
1069,10689822,9.853000
1070,10699913,10.091000
1071,10710164,10.251000
1072,10719781,9.617000
1073,10729885,10.104000
1074,10739972,10.087000
1075,10750326,10.354000
1076,10760077,9.751000
1077,10770042,9.965000
1078,10780208,10.166000
1079,10790053,9.845000
1080,10800033,9.980000
1081,10810018,9.985000
1082,10820043,10.025000
1083,10829925,9.882000
1084,10839915,9.990000
1085,10849858,9.943000
1086,10860156,10.298000
1087,10869922,9.766000
1088,10879914,9.992000
1089,10889851,9.937000
1090,10899822,9.971000
1091,10909867,10.045000
1092,10920124,10.257000
1093,10930051,9.927000
1094,10940087,10.036000
1095,10949854,9.767000
1096,10959837,9.983000
1097,10969726,9.889000
1098,10979653,9.927000
1099,10989986,10.333000
1100,10999992,10.006000
1101,11009863,9.871000
1102,11019941,10.078000
1103,11030099,10.158000
1104,11039909,9.810000
1105,11050080,10.171000
1106,11060235,10.155000
1107,11070143,9.908000
1108,11080009,9.866000
1109,11090027,10.018000
1110,11099901,9.874000
1111,11110097,10.196000
1112,11120032,9.935000
1113,11129971,9.939000
1114,11139995,10.024000
1115,11150133,10.138000
1116,11160140,10.007000
1117,11170095,9.955000
1118,11180141,10.046000
1119,11189879,9.738000
1120,11200004,10.125000
1121,11209994,9.990000
1122,11220154,10.160000
1123,11229942,9.788000
1124,11240056,10.114000
1125,11249949,9.893000
1126,11260025,10.076000
1127,11270070,10.045000
1128,11280249,10.179000
1129,11290038,9.789000
1130,11299792,9.754000
1131,11310118,10.326000
1132,11320110,9.992000
1133,11330171,10.061000
1134,11340150,9.979000
1135,11349977,9.827000
1136,11359785,9.808000
1137,11370004,10.219000
1138,11379657,9.653000
1139,11389623,9.966000
1140,11400302,10.679000
1141,11410064,9.762000
1142,11419767,9.703000
1143,11430182,10.415000
1144,11440134,9.952000
1145,11449621,9.487000
1146,11459802,10.181000
1147,11469874,10.072000
1148,11479890,10.016000
1149,11490114,10.224000
1150,11500009,9.895000
1151,11510199,10.190000
1152,11520017,9.818000
1153,11530314,10.297000
1154,11540066,9.752000
1155,11549972,9.906000
1156,11559859,9.887000
1157,11570078,10.219000
1158,11580245,10.167000
1159,11590062,9.817000
1160,11599852,9.790000
1161,11610002,10.150000
1162,11619964,9.962000
1163,11630193,10.229000
1164,11640215,10.022000
1165,11649831,9.616000
1166,11659794,9.963000
1167,11669975,10.181000
1168,11680038,10.063000
1169,11689697,9.659000
1170,11700048,10.351000
1171,11710289,10.241000
1172,11720064,9.775000
1173,11729900,9.836000
1174,11739904,10.004000
1175,11750102,10.198000
1176,11759810,9.708000
1177,11769707,9.897000
1178,11780077,10.370000
1179,11789867,9.790000
1180,11800012,10.145000
1181,11810093,10.081000
1182,11820194,10.101000
1183,11829982,9.788000
1184,11839892,9.910000
1185,11850156,10.264000
1186,11860051,9.895000
1187,11869981,9.930000
1188,11880007,10.026000
1189,11889870,9.863000
1190,11899968,10.098000
1191,11909968,10.000000
1192,11919891,9.923000
1193,11930118,10.227000
1194,11939969,9.851000
1195,11950109,10.140000
1196,11959908,9.799000
1197,11970081,10.173000
1198,11979787,9.706000
1199,11990131,10.344000
1200,11999999,9.868000
1201,12010068,10.069000
1202,12019913,9.845000
1203,12029895,9.982000
1204,12040053,10.158000
1205,12049938,9.885000
1206,12060090,10.152000
1207,12069949,9.859000
1208,12079922,9.973000
1209,12090186,10.264000
1210,12099890,9.704000
1211,12110175,10.285000
1212,12120127,9.952000
1213,12129986,9.859000
1214,12140099,10.113000
1215,12149989,9.890000
1216,12160009,10.020000
1217,12170064,10.055000
1218,12179976,9.912000
1219,12189785,9.809000
1220,12199940,10.155000
1221,12209965,10.025000
1222,12219995,10.030000
1223,12230186,10.191000
1224,12239835,9.649000
1225,12250036,10.201000
1226,12259808,9.772000
1227,12269824,10.016000
1228,12280005,10.181000
1229,12290168,10.163000
1230,12299923,9.755000
1231,12310023,10.100000
1232,12319951,9.928000
1233,12329945,9.994000
1234,12339915,9.970000
1235,12349956,10.041000
1236,12360163,10.207000
1237,12369984,9.821000
1238,12379977,9.993000
1239,12389957,9.980000
1240,12399814,9.857000
1241,12410013,10.199000
1242,12419789,9.776000
1243,12429946,10.157000
1244,12439983,10.037000
1245,12450242,10.259000
1246,12459840,9.598000
1247,12469835,9.995000
1248,12479729,9.894000
1249,12489756,10.027000
1250,12500226,10.470000
1251,12509784,9.558000
1252,12520166,10.382000
1253,12529989,9.823000
1254,12539950,9.961000
1255,12549894,9.944000
1256,12560130,10.236000
1257,12570165,10.035000
1258,12580182,10.017000
1259,12590119,9.937000
1260,12600019,9.900000
1261,12610068,10.049000
1262,12619898,9.830000
1263,12629915,10.017000
1264,12639814,9.899000
1265,12649935,10.121000
1266,12659931,9.996000
1267,12670123,10.192000
1268,12680089,9.966000
1269,12689949,9.860000
1270,12699841,9.892000
1271,12710068,10.227000
1272,12719947,9.879000
1273,12730168,10.221000
1274,12740291,10.123000
1275,12750068,9.777000
1276,12760101,10.033000
1277,12769726,9.625000
1278,12779889,10.163000
1279,12790239,10.350000
1280,12799824,9.585000
1281,12809918,10.094000
1282,12819985,10.067000
1283,12830129,10.144000
1284,12840036,9.907000
1285,12850119,10.083000
1286,12860148,10.029000
1287,12870069,9.921000
1288,12880128,10.059000
1289,12889941,9.813000
1290,12900063,10.122000
1291,12909845,9.782000
1292,12919883,10.038000
1293,12930188,10.305000
1294,12940054,9.866000
1295,12950027,9.973000
1296,12959892,9.865000
1297,12970080,10.188000
1298,12980027,9.947000
1299,12989971,9.944000
1300,12999883,9.912000
1301,13009928,10.045000
1302,13019954,10.026000
1303,13029935,9.981000
1304,13039873,9.938000
1305,13050023,10.150000
1306,13060174,10.151000
1307,13070042,9.868000
1308,13079965,9.923000
1309,13089940,9.975000
1310,13100146,10.206000
1311,13110033,9.887000
1312,13119955,9.922000
1313,13130158,10.203000
1314,13140169,10.011000
1315,13150037,9.868000
1316,13160042,10.005000
1317,13169824,9.782000
1318,13179989,10.165000
1319,13189762,9.773000
1320,13200037,10.275000
1321,13209974,9.937000
1322,13220331,10.357000
1323,13229942,9.611000
1324,13240073,10.131000
1325,13249937,9.864000
1326,13259972,10.035000
1327,13270247,10.275000
1328,13279635,9.388000
1329,13290030,10.395000
1330,13300104,10.074000
1331,13310300,10.196000
1332,13319897,9.597000
1333,13329868,9.971000
1334,13340240,10.372000
1335,13349884,9.644000
1336,13360000,10.116000
1337,13370015,10.015000
1338,13380169,10.154000
1339,13390329,10.160000
1340,13400152,9.823000
1341,13410037,9.885000
1342,13419982,9.945000
1343,13429903,9.921000
1344,13439883,9.980000
1345,13450103,10.220000
1346,13460346,10.243000
1347,13469910,9.564000
1348,13480208,10.298000
1349,13489963,9.755000
1350,13499887,9.924000
1351,13509754,9.867000
1352,13519979,10.225000
1353,13530311,10.332000
1354,13539946,9.635000
1355,13550170,10.224000
1356,13559965,9.795000
1357,13569829,9.864000
1358,13580108,10.279000
1359,13590238,10.130000
1360,13600024,9.786000
1361,13610191,10.167000
1362,13619811,9.620000
1363,13630168,10.357000
1364,13640200,10.032000
1365,13649661,9.461000
1366,13660042,10.381000
1367,13669835,9.793000
1368,13679900,10.065000
1369,13689740,9.840000
1370,13700233,10.493000
1371,13709895,9.662000
1372,13720257,10.362000
1373,13730268,10.011000
1374,13740096,9.828000
1375,13750182,10.086000
1376,13759964,9.782000
1377,13770015,10.051000
1378,13779818,9.803000
1379,13790013,10.195000
1380,13799825,9.812000
1381,13810101,10.276000
1382,13819826,9.725000
1383,13830154,10.328000
1384,13840066,9.912000
1385,13849874,9.808000
1386,13859853,9.979000
1387,13869706,9.853000
1388,13880350,10.644000
1389,13889747,9.397000
1390,13900065,10.318000
1391,13909926,9.861000
1392,13920029,10.103000
1393,13930095,10.066000
1394,13940127,10.032000
1395,13950002,9.875000
1396,13959774,9.772000
1397,13970076,10.302000
1398,13979950,9.874000
1399,13990293,10.343000
1400,13999996,9.703000
1401,14010061,10.065000
1402,14019976,9.915000
1403,14030054,10.078000
1404,14039820,9.766000
1405,14050047,10.227000
1406,14060278,10.231000
1407,14070205,9.927000
1408,14080292,10.087000
1409,14090033,9.741000
1410,14100108,10.075000
1411,14110035,9.927000
1412,14119994,9.959000
1413,14129720,9.726000
1414,14140070,10.350000
1415,14149962,9.892000
1416,14159798,9.836000
1417,14170106,10.308000
1418,14179942,9.836000
1419,14190060,10.118000
1420,14200355,10.295000
1421,14209958,9.603000
1422,14219909,9.951000
1423,14230152,10.243000
1424,14239839,9.687000
1425,14250173,10.334000
1426,14260235,10.062000
1427,14269902,9.667000
1428,14280145,10.243000
1429,14290171,10.026000
1430,14299985,9.814000
1431,14309993,10.008000
1432,14319903,9.910000
1433,14329915,10.012000
1434,14339901,9.986000
1435,14350051,10.150000
1436,14359904,9.853000
1437,14369804,9.900000
1438,14380068,10.264000
1439,14390237,10.169000
1440,14399922,9.685000
1441,14409983,10.061000
1442,14419931,9.948000
1443,14429813,9.882000
1444,14440073,10.260000
1445,14449982,9.909000
1446,14460022,10.040000
1447,14470120,10.098000
1448,14480056,9.936000
1449,14489853,9.797000
1450,14500040,10.187000
1451,14510038,9.998000
1452,14520094,10.056000
1453,14530106,10.012000
1454,14539975,9.869000
1455,14549883,9.908000
1456,14560118,10.235000
1457,14570066,9.948000
1458,14579860,9.794000
1459,14589911,10.051000
1460,14599892,9.981000
1461,14610120,10.228000
1462,14619843,9.723000
1463,14629962,10.119000
1464,14639802,9.840000
1465,14649842,10.040000
1466,14659978,10.136000
1467,14669839,9.861000
1468,14680051,10.212000
1469,14689918,9.867000
1470,14700380,10.462000
1471,14709663,9.283000
1472,14720052,10.389000
1473,14730226,10.174000
1474,14740077,9.851000
1475,14750062,9.985000
1476,14760136,10.074000
1477,14769872,9.736000
1478,14779979,10.107000
1479,14789884,9.905000
1480,14799827,9.943000
1481,14810044,10.217000
1482,14820099,10.055000
1483,14830017,9.918000
1484,14839533,9.516000
1485,14850021,10.488000
1486,14859592,9.571000
1487,14869690,10.098000
1488,14879802,10.112000
1489,14889831,10.029000
1490,14899774,9.943000
1491,14910042,10.268000
1492,14920179,10.137000
1493,14929848,9.669000
1494,14939962,10.114000
1495,14950147,10.185000
1496,14960077,9.930000
1497,14969819,9.742000
1498,14979876,10.057000
1499,14989925,10.049000
1500,14999804,9.879000
1501,15009840,10.036000
1502,15020346,10.506000
1503,15030023,9.677000
1504,15040136,10.113000
1505,15050143,10.007000
1506,15060045,9.902000
1507,15070023,9.978000
1508,15079751,9.728000
1509,15089798,10.047000
1510,15099900,10.102000
1511,15109770,9.870000
1512,15119988,10.218000
1513,15129959,9.971000
1514,15139881,9.922000
1515,15150014,10.133000
1516,15159676,9.662000
1517,15170077,10.401000
1518,15180071,9.994000
1519,15189894,9.823000
1520,15200143,10.249000
1521,15210069,9.926000
1522,15220098,10.029000
1523,15230013,9.915000
1524,15239994,9.981000
1525,15250020,10.026000
1526,15259965,9.945000
1527,15270129,10.164000
1528,15280144,10.015000
1529,15289852,9.708000
1530,15300127,10.275000
1531,15310155,10.028000
1532,15320188,10.033000
1533,15329902,9.714000
1534,15339842,9.940000
1535,15349923,10.081000
1536,15360059,10.136000
1537,15369827,9.768000
1538,15379993,10.166000
1539,15389941,9.948000
1540,15400184,10.243000
1541,15410226,10.042000
1542,15420127,9.901000
1543,15430120,9.993000
1544,15440056,9.936000
1545,15449812,9.756000
1546,15459893,10.081000
1547,15470046,10.153000
1548,15479896,9.850000
1549,15490017,10.121000
1550,15499918,9.901000
1551,15509747,9.829000
1552,15519961,10.214000
1553,15529563,9.602000
1554,15540054,10.491000
1555,15549914,9.860000
1556,15560207,10.293000
1557,15569913,9.706000
1558,15579938,10.025000
1559,15589984,10.046000
1560,15599920,9.936000
1561,15610099,10.179000
1562,15619712,9.613000
1563,15630131,10.419000
1564,15640051,9.920000
1565,15650028,9.977000
1566,15660081,10.053000
1567,15669956,9.875000
1568,15680116,10.160000
1569,15690090,9.974000
1570,15700153,10.063000
1571,15710118,9.965000
1572,15719982,9.864000
1573,15729981,9.999000
1574,15740235,10.254000
1575,15750176,9.941000
1576,15760232,10.056000
1577,15770267,10.035000
1578,15780129,9.862000
1579,15790033,9.904000
1580,15800168,10.135000
1581,15809892,9.724000
1582,15819871,9.979000
1583,15830013,10.142000
1584,15839761,9.748000
1585,15850066,10.305000
1586,15860118,10.052000
1587,15870162,10.044000
1588,15880085,9.923000
1589,15889827,9.742000
1590,15899914,10.087000
1591,15909920,10.006000
1592,15920104,10.184000
1593,15929991,9.887000
1594,15939931,9.940000
1595,15949775,9.844000
1596,15959817,10.042000
1597,15969875,10.058000
1598,15980000,10.125000
1599,15989974,9.974000
1600,15999945,9.971000
1601,16009981,10.036000
1602,16019838,9.857000
1603,16029760,9.922000
1604,16040035,10.275000
1605,16049870,9.835000
1606,16059969,10.099000
1607,16070039,10.070000
1608,16080000,9.961000
1609,16090120,10.120000
1610,16100142,10.022000
1611,16109904,9.762000
1612,16119994,10.090000
1613,16130114,10.120000
1614,16140185,10.071000
1615,16149979,9.794000
1616,16159899,9.920000
1617,16170257,10.358000
1618,16180028,9.771000
1619,16190110,10.082000
1620,16199881,9.771000
1621,16210057,10.176000
1622,16219911,9.854000
1623,16230004,10.093000
1624,16239779,9.775000
1625,16250092,10.313000
1626,16259990,9.898000
1627,16270398,10.408000
1628,16280211,9.813000
1629,16290044,9.833000
1630,16300190,10.146000
1631,16310040,9.850000
1632,16320124,10.084000
1633,16330175,10.051000
1634,16340048,9.873000
1635,16349976,9.928000
1636,16359921,9.945000
1637,16369931,10.010000
1638,16380358,10.427000
1639,16390212,9.854000
1640,16400094,9.882000
1641,16410028,9.934000
1642,16419888,9.860000
1643,16429910,10.022000
1644,16440064,10.154000
1645,16449671,9.607000
1646,16460021,10.350000
1647,16470064,10.043000
1648,16479889,9.825000
1649,16490177,10.288000
1650,16500144,9.967000
1651,16510215,10.071000
1652,16519910,9.695000
1653,16530046,10.136000
1654,16539960,9.914000
1655,16550016,10.056000
1656,16560369,10.353000
1657,16569900,9.531000
1658,16579997,10.097000
1659,16589773,9.776000
1660,16599949,10.176000
1661,16610052,10.103000
1662,16620011,9.959000
1663,16630129,10.118000
1664,16640152,10.023000
1665,16650131,9.979000
1666,16659963,9.832000
1667,16669917,9.954000
1668,16679954,10.037000
1669,16689944,9.990000
1670,16699892,9.948000
1671,16709719,9.827000
1672,16720031,10.312000
1673,16730068,10.037000
1674,16739977,9.909000
1675,16750273,10.296000
1676,16759975,9.702000
1677,16770154,10.179000
1678,16780213,10.059000
1679,16790131,9.918000
1680,16799916,9.785000
1681,16809919,10.003000
1682,16820098,10.179000
1683,16829865,9.767000
1684,16840069,10.204000
1685,16849739,9.670000
1686,16860105,10.366000
1687,16869876,9.771000
1688,16880218,10.342000
1689,16889917,9.699000
1690,16899899,9.982000
1691,16909905,10.006000
1692,16919852,9.947000
1693,16930122,10.270000
1694,16939892,9.770000
1695,16949971,10.079000
1696,16960113,10.142000
1697,16969912,9.799000
1698,16979794,9.882000
1699,16990043,10.249000
1700,17000136,10.093000
1701,17010309,10.173000
1702,17020099,9.790000
1703,17029974,9.875000
1704,17039856,9.882000
1705,17050009,10.153000
1706,17059855,9.846000
1707,17069916,10.061000
1708,17079659,9.743000
1709,17090175,10.516000
1710,17100079,9.904000
1711,17110075,9.996000
1712,17120066,9.991000
1713,17129826,9.760000
1714,17139979,10.153000
1715,17150125,10.146000
1716,17160301,10.176000
1717,17169912,9.611000
1718,17180217,10.305000
1719,17189893,9.676000
1720,17199673,9.780000
1721,17209924,10.251000
1722,17219989,10.065000
1723,17229746,9.757000
1724,17239983,10.237000
1725,17250085,10.102000
1726,17260024,9.939000
1727,17270193,10.169000
1728,17279630,9.437000
1729,17290003,10.373000
1730,17299863,9.860000
1731,17310235,10.372000
1732,17320161,9.926000
1733,17330110,9.949000
1734,17339779,9.669000
1735,17349981,10.202000
1736,17360398,10.417000
1737,17369794,9.396000
1738,17380028,10.234000
1739,17389939,9.911000
1740,17399908,9.969000
1741,17409790,9.882000
1742,17419800,10.010000
1743,17429838,10.038000
1744,17440093,10.255000
1745,17449765,9.672000
1746,17460067,10.302000
1747,17470010,9.943000
1748,17479870,9.860000
1749,17490017,10.147000
1750,17499830,9.813000
1751,17509920,10.090000
1752,17520148,10.228000
1753,17529913,9.765000
1754,17539884,9.971000
1755,17549875,9.991000
1756,17559944,10.069000
1757,17570274,10.330000
1758,17579755,9.481000
1759,17589927,10.172000
1760,17600069,10.142000
1761,17610178,10.109000
1762,17620119,9.941000
1763,17630306,10.187000
1764,17640156,9.850000
1765,17649827,9.671000
1766,17659982,10.155000
1767,17670036,10.054000
1768,17680218,10.182000
1769,17689948,9.730000
1770,17700272,10.324000
1771,17710071,9.799000
1772,17719858,9.787000
1773,17730255,10.397000
1774,17739834,9.579000
1775,17750063,10.229000
1776,17759685,9.622000
1777,17769944,10.259000
1778,17780148,10.204000
1779,17789926,9.778000
1780,17800160,10.234000
1781,17810073,9.913000
1782,17820019,9.946000
1783,17829923,9.904000
1784,17840085,10.162000
1785,17850064,9.979000
1786,17859980,9.916000
1787,17870009,10.029000
1788,17880116,10.107000
1789,17889875,9.759000
1790,17900241,10.366000
1791,17909898,9.657000
1792,17920073,10.175000
1793,17929959,9.886000
1794,17940017,10.058000
1795,17949790,9.773000
1796,17960037,10.247000
1797,17969736,9.699000
1798,17979992,10.256000
1799,17990044,10.052000
1800,18000190,10.146000
1801,18010129,9.939000
1802,18019963,9.834000
1803,18029980,10.017000
1804,18040198,10.218000
1805,18049775,9.577000
1806,18059900,10.125000
1807,18070001,10.101000
1808,18080102,10.101000
1809,18090066,9.964000
1810,18099832,9.766000
1811,18110173,10.341000
1812,18120161,9.988000
1813,18129926,9.765000
1814,18139958,10.032000
1815,18149825,9.867000
1816,18160237,10.412000
1817,18169977,9.740000
1818,18179941,9.964000
1819,18189929,9.988000
1820,18199837,9.908000
1821,18210224,10.387000
1822,18219928,9.704000
1823,18230038,10.110000
1824,18239852,9.814000
1825,18249964,10.112000
1826,18259861,9.897000
1827,18269942,10.081000
1828,18279895,9.953000
1829,18289998,10.103000
1830,18299807,9.809000
1831,18310043,10.236000
1832,18320174,10.131000
1833,18330392,10.218000
1834,18339791,9.399000
1835,18350181,10.390000
1836,18360214,10.033000
1837,18369751,9.537000
1838,18379951,10.200000
1839,18389899,9.948000
1840,18400172,10.273000
1841,18410070,9.898000
1842,18420026,9.956000
1843,18429829,9.803000
1844,18439914,10.085000
1845,18450067,10.153000
1846,18459839,9.772000
1847,18469918,10.079000
1848,18480209,10.291000
1849,18490186,9.977000
1850,18500105,9.919000
1851,18509617,9.512000
1852,18519845,10.228000
1853,18530020,10.175000
1854,18539803,9.783000
1855,18550040,10.237000
1856,18560010,9.970000
1857,18569993,9.983000
1858,18580164,10.171000
1859,18589957,9.793000
1860,18600034,10.077000
1861,18609709,9.675000
1862,18620150,10.441000
1863,18630036,9.886000
1864,18640088,10.052000
1865,18650056,9.968000
1866,18659981,9.925000
1867,18670073,10.092000
1868,18679868,9.795000
1869,18690084,10.216000
1870,18700362,10.278000
1871,18710078,9.716000
1872,18720221,10.143000
1873,18729770,9.549000
1874,18740026,10.256000
1875,18750078,10.052000
1876,18759795,9.717000
1877,18769559,9.764000
1878,18779982,10.423000
1879,18789970,9.988000
1880,18800161,10.191000
1881,18809683,9.522000
1882,18819916,10.233000
1883,18830020,10.104000
1884,18840015,9.995000
1885,18850093,10.078000
1886,18860067,9.974000
1887,18869997,9.930000
1888,18880038,10.041000
1889,18890019,9.981000
1890,18900133,10.114000
1891,18909926,9.793000
1892,18920022,10.096000
1893,18929765,9.743000
1894,18939824,10.059000
1895,18949828,10.004000
1896,18960112,10.284000
1897,18970011,9.899000
1898,18980014,10.003000
1899,18990138,10.124000
1900,19000228,10.090000
1901,19010111,9.883000
1902,19020083,9.972000
1903,19030031,9.948000
1904,19040350,10.319000
1905,19049817,9.467000
1906,19059802,9.985000
1907,19069722,9.920000
1908,19080086,10.364000
1909,19090059,9.973000
1910,19099888,9.829000
1911,19109868,9.980000
1912,19119783,9.915000
1913,19130030,10.247000
1914,19140001,9.971000
1915,19149885,9.884000
1916,19159920,10.035000
1917,19170169,10.249000
1918,19180089,9.920000
1919,19190224,10.135000
1920,19200220,9.996000
1921,19209993,9.773000
1922,19219922,9.929000
1923,19230086,10.164000
1924,19240019,9.933000
1925,19250224,10.205000
1926,19260256,10.032000
1927,19269967,9.711000
1928,19280051,10.084000
1929,19289780,9.729000
1930,19299702,9.922000
1931,19310191,10.489000
1932,19319751,9.560000
1933,19330013,10.262000
1934,19340106,10.093000
1935,19349651,9.545000
1936,19359988,10.337000
1937,19370061,10.073000
1938,19380156,10.095000
1939,19390017,9.861000
1940,19399964,9.947000
1941,19410146,10.182000
1942,19419829,9.683000
1943,19429524,9.695000
1944,19440116,10.592000
1945,19450354,10.238000
1946,19460013,9.659000
1947,19469937,9.924000
1948,19480016,10.079000
1949,19489890,9.874000
1950,19499977,10.087000
1951,19510125,10.148000
1952,19519871,9.746000
1953,19530095,10.224000
1954,19539874,9.779000
1955,19549814,9.940000
1956,19559792,9.978000
1957,19569893,10.101000
1958,19580335,10.442000
1959,19589905,9.570000
1960,19599998,10.093000
1961,19610010,10.012000
1962,19620056,10.046000
1963,19629946,9.890000
1964,19639768,9.822000
1965,19649988,10.220000
1966,19659951,9.963000
1967,19669915,9.964000
1968,19679866,9.951000
1969,19689749,9.883000
1970,19699665,9.916000
1971,19709809,10.144000
1972,19719933,10.124000
1973,19730149,10.216000
1974,19740372,10.223000
1975,19750222,9.850000
1976,19759987,9.765000
1977,19769926,9.939000
1978,19779979,10.053000
1979,19789969,9.990000
1980,19800153,10.184000
1981,19810189,10.036000
1982,19820087,9.898000
1983,19829867,9.780000
1984,19839910,10.043000
1985,19849968,10.058000
1986,19859852,9.884000
1987,19870004,10.152000
1988,19879973,9.969000
1989,19890359,10.386000
1990,19900089,9.730000
1991,19909970,9.881000
1992,19919970,10.000000
1993,19930060,10.090000
1994,19940011,9.951000
1995,19949920,9.909000
1996,19960048,10.128000
1997,19969866,9.818000
1998,19980047,10.181000
1999,19990193,10.146000
2000,19999924,9.731000
2001,20009725,9.801000
2002,20019979,10.254000
2003,20030049,10.070000
2004,20039839,9.790000
2005,20050176,10.337000
2006,20060183,10.007000
2007,20069886,9.703000
2008,20080249,10.363000
2009,20090306,10.057000
2010,20100080,9.774000
2011,20109813,9.733000
2012,20119952,10.139000
2013,20129870,9.918000
2014,20139987,10.117000
2015,20149975,9.988000
2016,20159979,10.004000
2017,20170180,10.201000
2018,20179970,9.790000
2019,20190095,10.125000
2020,20199913,9.818000
2021,20210015,10.102000
2022,20219989,9.974000
2023,20229880,9.891000
2024,20239917,10.037000
2025,20250242,10.325000
2026,20260051,9.809000
2027,20270223,10.172000
2028,20280040,9.817000
2029,20289970,9.930000
2030,20300084,10.114000
2031,20310000,9.916000
2032,20319970,9.970000
2033,20330133,10.163000
2034,20340151,10.018000
2035,20349761,9.610000
2036,20360078,10.317000
2037,20369978,9.900000
2038,20380101,10.123000
2039,20390015,9.914000
2040,20400338,10.323000
2041,20409992,9.654000
2042,20420152,10.160000
2043,20429965,9.813000
2044,20440124,10.159000
2045,20449732,9.608000
2046,20460041,10.309000
2047,20470034,9.993000
2048,20479963,9.929000
2049,20490209,10.246000
2050,20499933,9.724000
2051,20510144,10.211000
2052,20520193,10.049000
2053,20530042,9.849000
2054,20540059,10.017000
2055,20550017,9.958000
2056,20560072,10.055000
2057,20569968,9.896000
2058,20579980,10.012000
2059,20589808,9.828000
2060,20599962,10.154000
2061,20610148,10.186000
2062,20619891,9.743000
2063,20629808,9.917000
2064,20640186,10.378000
2065,20649947,9.761000
2066,20659999,10.052000
2067,20670162,10.163000
2068,20679991,9.829000
2069,20689783,9.792000
2070,20699970,10.187000
2071,20710033,10.063000
2072,20719983,9.950000
2073,20730208,10.225000
2074,20739906,9.698000
2075,20750005,10.099000
2076,20759896,9.891000
2077,20770017,10.121000
2078,20779895,9.878000
2079,20789959,10.064000
2080,20800066,10.107000
2081,20809956,9.890000
2082,20820151,10.195000
2083,20830222,10.071000
2084,20840000,9.778000
2085,20849982,9.982000
2086,20859974,9.992000
2087,20870070,10.096000
2088,20879809,9.739000
2089,20889960,10.151000
2090,20900075,10.115000
2091,20909815,9.740000
2092,20919928,10.113000
2093,20930107,10.179000
2094,20940007,9.900000
2095,20950000,9.993000
2096,20960070,10.070000
2097,20970059,9.989000
2098,20979956,9.897000
2099,20989958,10.002000
2100,21000254,10.296000
2101,21009937,9.683000
2102,21020346,10.409000
2103,21029865,9.519000
2104,21039858,9.993000
2105,21049864,10.006000
2106,21059825,9.961000
2107,21070280,10.455000
2108,21080005,9.725000
2109,21089899,9.894000
2110,21100078,10.179000
2111,21110222,10.144000
2112,21120183,9.961000
2113,21129884,9.701000
2114,21139924,10.040000
2115,21149770,9.846000
2116,21159969,10.199000
2117,21170077,10.108000
2118,21180094,10.017000
2119,21190026,9.932000
2120,21199916,9.890000
2121,21210076,10.160000
2122,21219996,9.920000
2123,21230253,10.257000
2124,21239673,9.420000
2125,21249879,10.206000
2126,21259838,9.959000
2127,21270198,10.360000
2128,21279989,9.791000
2129,21289895,9.906000
2130,21299909,10.014000
2131,21309933,10.024000
2132,21320019,10.086000
2133,21330170,10.151000
2134,21339887,9.717000
2135,21349881,9.994000
2136,21360007,10.126000
2137,21370006,9.999000
2138,21380097,10.091000
2139,21389996,9.899000
2140,21399869,9.873000
2141,21409858,9.989000
2142,21419710,9.852000
2143,21430113,10.403000
2144,21440063,9.950000
2145,21449947,9.884000
2146,21459922,9.975000
2147,21469842,9.920000
2148,21479859,10.017000
2149,21490093,10.234000
2150,21499910,9.817000
2151,21509769,9.859000
2152,21520067,10.298000
2153,21529880,9.813000
2154,21539852,9.972000
2155,21550139,10.287000
2156,21560307,10.168000
2157,21570033,9.726000
2158,21580003,9.970000
2159,21589875,9.872000
2160,21600059,10.184000
2161,21609999,9.940000
2162,21619990,9.991000
2163,21629803,9.813000
2164,21640124,10.321000
2165,21649890,9.766000
2166,21659891,10.001000
2167,21670030,10.139000
2168,21679986,9.956000
2169,21689976,9.990000
2170,21700154,10.178000
2171,21710274,10.120000
2172,21720037,9.763000
2173,21730161,10.124000
2174,21740064,9.903000
2175,21750137,10.073000
2176,21759822,9.685000
2177,21770051,10.229000
2178,21779945,9.894000
2179,21790195,10.250000
2180,21800031,9.836000
2181,21810098,10.067000
2182,21819956,9.858000
2183,21829949,9.993000
2184,21840028,10.079000
2185,21849973,9.945000
2186,21860186,10.213000
2187,21870090,9.904000
2188,21880051,9.961000
2189,21889973,9.922000
2190,21900123,10.150000
2191,21909935,9.812000
2192,21920117,10.182000
2193,21929951,9.834000
2194,21939937,9.986000
2195,21950170,10.233000
2196,21959995,9.825000
2197,21970131,10.136000
2198,21979946,9.815000
2199,21989978,10.032000
2200,22000004,10.026000
2201,22009944,9.940000
2202,22020129,10.185000
2203,22030087,9.958000
2204,22040119,10.032000
2205,22050196,10.077000
2206,22060020,9.824000
2207,22070010,9.990000
2208,22080040,10.030000
2209,22089877,9.837000
2210,22099995,10.118000
2211,22110044,10.049000
2212,22119885,9.841000
2213,22129828,9.943000
2214,22139801,9.973000
2215,22150215,10.414000
2216,22160062,9.847000
2217,22169862,9.800000
2218,22180031,10.169000
2219,22189990,9.959000
2220,22199973,9.983000
2221,22209789,9.816000
2222,22220192,10.403000
2223,22230186,9.994000
2224,22240295,10.109000
2225,22249964,9.669000
2226,22259953,9.989000
2227,22269899,9.946000
2228,22279955,10.056000
2229,22289973,10.018000
2230,22300140,10.167000
2231,22309944,9.804000
2232,22320024,10.080000
2233,22329838,9.814000
2234,22340089,10.251000
2235,22349944,9.855000
2236,22359837,9.893000
2237,22370034,10.197000
2238,22380131,10.097000
2239,22390101,9.970000
2240,22399858,9.757000
2241,22409960,10.102000
2242,22419807,9.847000
2243,22429945,10.138000
2244,22440028,10.083000
2245,22449764,9.736000
2246,22460140,10.376000
2247,22469834,9.694000
2248,22480129,10.295000
2249,22490259,10.130000
2250,22499977,9.718000
2251,22509993,10.016000
2252,22519927,9.934000
2253,22529880,9.953000
2254,22539869,9.989000
2255,22550233,10.364000
2256,22559968,9.735000
2257,22569922,9.954000
2258,22580165,10.243000
2259,22590049,9.884000
2260,22600116,10.067000
2261,22609940,9.824000
2262,22620163,10.223000
2263,22630203,10.040000
2264,22640156,9.953000
2265,22650127,9.971000
2266,22660069,9.942000
2267,22669928,9.859000
2268,22679915,9.987000
2269,22690149,10.234000
2270,22700001,9.852000
2271,22709889,9.888000
2272,22720125,10.236000
2273,22730005,9.880000
2274,22739986,9.981000
2275,22749995,10.009000
2276,22759967,9.972000
2277,22769924,9.957000
2278,22780020,10.096000
2279,22790141,10.121000
2280,22799936,9.795000
2281,22810156,10.220000
2282,22819867,9.711000
2283,22830126,10.259000
2284,22839985,9.859000
2285,22850209,10.224000
2286,22860017,9.808000
2287,22870076,10.059000
2288,22880065,9.989000
2289,22889975,9.910000
2290,22899838,9.863000
2291,22910066,10.228000
2292,22920293,10.227000
2293,22929817,9.524000
2294,22939939,10.122000
2295,22950064,10.125000
2296,22959544,9.480000
2297,22970112,10.568000
2298,22980028,9.916000
2299,22990239,10.211000
2300,23000086,9.847000
2301,23009842,9.756000
2302,23019907,10.065000
2303,23029854,9.947000
2304,23039748,9.894000
2305,23050280,10.532000
2306,23059648,9.368000
2307,23069965,10.317000
2308,23079840,9.875000
2309,23090172,10.332000
2310,23099956,9.784000
2311,23109992,10.036000
2312,23119990,9.998000
2313,23130128,10.138000
2314,23139825,9.697000
2315,23149982,10.157000
2316,23159696,9.714000
2317,23169738,10.042000
2318,23180104,10.366000
2319,23190247,10.143000
2320,23200086,9.839000
2321,23210366,10.280000
2322,23220286,9.920000
2323,23230260,9.974000
2324,23240053,9.793000
2325,23249826,9.773000
2326,23259981,10.155000
2327,23270091,10.110000
2328,23280122,10.031000
2329,23289800,9.678000
2330,23300177,10.377000
2331,23309871,9.694000
2332,23320096,10.225000
2333,23329628,9.532000
2334,23339912,10.284000
2335,23349941,10.029000
2336,23360030,10.089000
2337,23370048,10.018000
2338,23379810,9.762000
2339,23389927,10.117000
2340,23400028,10.101000
2341,23409997,9.969000
2342,23419766,9.769000
2343,23429767,10.001000
2344,23439990,10.223000
2345,23450163,10.173000
2346,23460049,9.886000
2347,23470123,10.074000
2348,23480289,10.166000
2349,23489889,9.600000
2350,23499846,9.957000
2351,23509992,10.146000
2352,23520363,10.371000
2353,23530085,9.722000
2354,23539986,9.901000
2355,23549965,9.979000
2356,23560065,10.100000
2357,23569872,9.807000
2358,23580143,10.271000
2359,23590000,9.857000
2360,23600211,10.211000
2361,23609937,9.726000
2362,23620117,10.180000
2363,23629926,9.809000
2364,23640188,10.262000
2365,23650281,10.093000
2366,23659809,9.528000
2367,23669892,10.083000
2368,23679878,9.986000
2369,23690147,10.269000
2370,23699855,9.708000
2371,23709709,9.854000
2372,23720127,10.418000
2373,23729662,9.535000
2374,23740235,10.573000
2375,23750064,9.829000
2376,23760104,10.040000
2377,23769816,9.712000
2378,23780063,10.247000
2379,23790097,10.034000
2380,23799764,9.667000
2381,23809841,10.077000
2382,23820128,10.287000
2383,23830274,10.146000
2384,23839988,9.714000
2385,23850040,10.052000
2386,23859979,9.939000
2387,23869886,9.907000
2388,23879937,10.051000
2389,23890046,10.109000
2390,23899958,9.912000
2391,23910061,10.103000
2392,23919940,9.879000
2393,23930225,10.285000
2394,23940244,10.019000
2395,23949824,9.580000
2396,23959758,9.934000
2397,23969965,10.207000
2398,23980093,10.128000
2399,23989731,9.638000
2400,23999934,10.203000
2401,24009781,9.847000
2402,24019830,10.049000
2403,24029957,10.127000
2404,24040167,10.210000
2405,24049875,9.708000
2406,24060073,10.198000
2407,24069894,9.821000
2408,24080238,10.344000
2409,24089743,9.505000
2410,24100154,10.411000
2411,24110075,9.921000
2412,24119959,9.884000
2413,24130012,10.053000
2414,24140053,10.041000
2415,24150052,9.999000
2416,24159983,9.931000
2417,24170120,10.137000
2418,24179894,9.774000
2419,24190011,10.117000
2420,24200126,10.115000
2421,24209977,9.851000
2422,24220083,10.106000
2423,24229864,9.781000
2424,24239940,10.076000
2425,24249975,10.035000
2426,24260283,10.308000
2427,24269992,9.709000
2428,24280192,10.200000
2429,24289847,9.655000
2430,24300097,10.250000
2431,24309947,9.850000
2432,24320202,10.255000
2433,24330119,9.917000
2434,24339856,9.737000
2435,24350085,10.229000
2436,24360166,10.081000
2437,24370115,9.949000
2438,24379885,9.770000
2439,24390134,10.249000
2440,24399952,9.818000
2441,24409931,9.979000
2442,24419812,9.881000
2443,24429969,10.157000
2444,24440149,10.180000
2445,24449909,9.760000
2446,24459915,10.006000
2447,24469952,10.037000
2448,24479826,9.874000
2449,24489924,10.098000
2450,24499822,9.898000
2451,24509848,10.026000
2452,24519918,10.070000
2453,24530134,10.216000
2454,24539967,9.833000
2455,24549966,9.999000
2456,24559879,9.913000
2457,24569936,10.057000
2458,24580076,10.140000
2459,24589792,9.716000
2460,24600089,10.297000
2461,24609720,9.631000
2462,24619961,10.241000
2463,24629903,9.942000
2464,24639894,9.991000
2465,24650272,10.378000
2466,24659991,9.719000
2467,24669866,9.875000
2468,24679911,10.045000
2469,24690005,10.094000
2470,24699870,9.865000
2471,24709901,10.031000
2472,24720208,10.307000
2473,24729891,9.683000
2474,24740099,10.208000
2475,24750204,10.105000
2476,24759912,9.708000
2477,24769875,9.963000
2478,24779821,9.946000
2479,24790016,10.195000
2480,24800122,10.106000
2481,24810048,9.926000
2482,24819976,9.928000
2483,24829976,10.000000
2484,24840022,10.046000
2485,24850160,10.138000
2486,24860287,10.127000
2487,24870050,9.763000
2488,24879842,9.792000
2489,24890119,10.277000
2490,24900136,10.017000
2491,24910092,9.956000
2492,24919836,9.744000
2493,24930145,10.309000
2494,24940037,9.892000
2495,24950036,9.999000
2496,24959768,9.732000
2497,24970040,10.272000
2498,24979863,9.823000
2499,24990118,10.255000
2500,24999970,9.852000
2501,25010024,10.054000
2502,25019836,9.812000
2503,25029935,10.099000
2504,25040096,10.161000
2505,25050092,9.996000
2506,25060048,9.956000
2507,25069741,9.693000
2508,25080237,10.496000
2509,25089959,9.722000
2510,25099867,9.908000
2511,25110395,10.528000
2512,25120166,9.771000
2513,25130020,9.854000
2514,25139922,9.902000
2515,25150000,10.078000
2516,25160003,10.003000
2517,25169943,9.940000
2518,25180062,10.119000
2519,25190059,9.997000
2520,25199843,9.784000
2521,25209924,10.081000
2522,25220237,10.313000
2523,25230124,9.887000
2524,25239904,9.780000
2525,25249717,9.813000
2526,25259801,10.084000
2527,25270129,10.328000
2528,25279881,9.752000
2529,25290096,10.215000
2530,25300104,10.008000
2531,25309870,9.766000
2532,25319913,10.043000
2533,25330262,10.349000
2534,25340296,10.034000
2535,25350019,9.723000
2536,25359684,9.665000
2537,25369968,10.284000
2538,25379983,10.015000
2539,25390000,10.017000
2540,25399895,9.895000
2541,25410147,10.252000
2542,25420200,10.053000
2543,25429924,9.724000
2544,25439711,9.787000
2545,25450066,10.355000
2546,25460278,10.212000
2547,25470002,9.724000
2548,25480000,9.998000
2549,25489959,9.959000
2550,25500192,10.233000
2551,25510244,10.052000
2552,25520101,9.857000
2553,25529971,9.870000
2554,25540023,10.052000
2555,25550092,10.069000
2556,25560133,10.041000
2557,25570169,10.036000
2558,25579975,9.806000
2559,25589926,9.951000
2560,25599865,9.939000
2561,25609892,10.027000
2562,25619993,10.101000
2563,25629993,10.000000
2564,25639919,9.926000
2565,25649859,9.940000
2566,25659830,9.971000
2567,25670091,10.261000
2568,25680200,10.109000
2569,25689755,9.555000
2570,25699915,10.160000
2571,25709824,9.909000
2572,25720069,10.245000
2573,25729822,9.753000
2574,25740000,10.178000
2575,25749849,9.849000
2576,25759914,10.065000
2577,25770144,10.230000
2578,25780058,9.914000
2579,25789967,9.909000
2580,25799685,9.718000
2581,25810088,10.403000
2582,25819997,9.909000
2583,25829824,9.827000
2584,25839845,10.021000
2585,25849666,9.821000
2586,25859893,10.227000
2587,25869994,10.101000
2588,25879911,9.917000
2589,25889879,9.968000
2590,25900134,10.255000
2591,25910004,9.870000
2592,25919957,9.953000
2593,25930244,10.287000
2594,25940016,9.772000
2595,25950039,10.023000
2596,25959846,9.807000
2597,25970228,10.382000
2598,25980068,9.840000
2599,25990008,9.940000
2600,25999939,9.931000
2601,26010076,10.137000
2602,26020184,10.108000
2603,26030013,9.829000
2604,26039914,9.901000
2605,26050064,10.150000
2606,26060123,10.059000
2607,26070064,9.941000
2608,26079827,9.763000
2609,26090067,10.240000
2610,26099983,9.916000
2611,26109958,9.975000
2612,26120285,10.327000
2613,26130301,10.016000
2614,26139920,9.619000
2615,26150068,10.148000
2616,26159922,9.854000
2617,26170244,10.322000
2618,26179771,9.527000
2619,26189693,9.922000
2620,26199987,10.294000
2621,26209962,9.975000
2622,26219763,9.801000
2623,26230113,10.350000
2624,26239782,9.669000
2625,26250089,10.307000
2626,26260188,10.099000
2627,26269772,9.584000
2628,26279834,10.062000
2629,26290020,10.186000
2630,26299877,9.857000
2631,26310297,10.420000
2632,26319951,9.654000
2633,26329968,10.017000
2634,26339820,9.852000
2635,26350017,10.197000
2636,26360232,10.215000
2637,26369935,9.703000
2638,26379976,10.041000
2639,26390276,10.300000
2640,26399971,9.695000
2641,26410188,10.217000
2642,26420198,10.010000
2643,26430022,9.824000
2644,26439939,9.917000
2645,26450126,10.187000
2646,26459565,9.439000
2647,26470115,10.550000
2648,26480043,9.928000
2649,26489933,9.890000
2650,26500207,10.274000
2651,26509795,9.588000
2652,26520042,10.247000
2653,26530131,10.089000
2654,26540054,9.923000
2655,26550189,10.135000
2656,26560060,9.871000
2657,26569873,9.813000
2658,26580190,10.317000
2659,26590187,9.997000
2660,26599972,9.785000
2661,26610399,10.427000
2662,26619888,9.489000
2663,26629985,10.097000
2664,26639810,9.825000
2665,26649863,10.053000
2666,26659962,10.099000
2667,26670004,10.042000
2668,26679616,9.612000
2669,26690062,10.446000
2670,26699911,9.849000
2671,26709987,10.076000
2672,26720038,10.051000
2673,26729460,9.422000
2674,26739824,10.364000
2675,26750091,10.267000
2676,26759944,9.853000
2677,26769916,9.972000
2678,26780108,10.192000
2679,26790121,10.013000
2680,26799917,9.796000
2681,26810189,10.272000
2682,26820016,9.827000
2683,26830226,10.210000
2684,26839993,9.767000
2685,26850206,10.213000
2686,26859862,9.656000
2687,26870138,10.276000
2688,26879797,9.659000
2689,26890083,10.286000
2690,26900161,10.078000
2691,26909966,9.805000
2692,26920087,10.121000
2693,26930387,10.300000
2694,26940095,9.708000
2695,26950083,9.988000
2696,26960060,9.977000
2697,26969791,9.731000
2698,26979890,10.099000
2699,26990075,10.185000
2700,26999938,9.863000
2701,27009967,10.029000
2702,27019965,9.998000
2703,27029861,9.896000
2704,27039972,10.111000
2705,27049747,9.775000
2706,27059787,10.040000
2707,27069935,10.148000
2708,27080339,10.404000
2709,27089951,9.612000
2710,27099983,10.032000
2711,27110037,10.054000
2712,27120218,10.181000
2713,27130077,9.859000
2714,27140213,10.136000
2715,27150126,9.913000
2716,27160013,9.887000
2717,27170137,10.124000
2718,27180090,9.953000
2719,27189813,9.723000
2720,27200202,10.389000
2721,27210102,9.900000
2722,27220003,9.901000
2723,27230061,10.058000
2724,27240092,10.031000
2725,27250038,9.946000
2726,27259938,9.900000
2727,27270138,10.200000
2728,27280088,9.950000
2729,27289899,9.811000
2730,27299984,10.085000
2731,27309921,9.937000
2732,27320148,10.227000
2733,27330009,9.861000
2734,27340021,10.012000
2735,27349970,9.949000
2736,27359991,10.021000
2737,27370022,10.031000
2738,27379850,9.828000
2739,27389980,10.130000
2740,27400018,10.038000
2741,27409925,9.907000
2742,27419896,9.971000
2743,27430015,10.119000
2744,27439793,9.778000
2745,27449877,10.084000
2746,27460117,10.240000
2747,27470098,9.981000
2748,27479967,9.869000
2749,27489949,9.982000
2750,27500119,10.170000
2751,27510121,10.002000
2752,27519957,9.836000
2753,27530071,10.114000
2754,27539808,9.737000
2755,27550038,10.230000
2756,27559790,9.752000
2757,27569969,10.179000
2758,27580077,10.108000
2759,27589799,9.722000
2760,27600015,10.216000
2761,27609953,9.938000
2762,27619905,9.952000
2763,27629943,10.038000
2764,27639914,9.971000
2765,27649768,9.854000
2766,27659897,10.129000
2767,27669638,9.741000
2768,27680068,10.430000
2769,27690130,10.062000
2770,27700236,10.106000
2771,27709962,9.726000
2772,27719779,9.817000
2773,27729925,10.146000
2774,27739909,9.984000
2775,27749884,9.975000
2776,27760275,10.391000
2777,27770099,9.824000
2778,27780000,9.901000
2779,27789875,9.875000
2780,27800291,10.416000
2781,27810139,9.848000
2782,27819959,9.820000
2783,27830013,10.054000
2784,27839937,9.924000
2785,27850087,10.150000
2786,27859967,9.880000
2787,27869785,9.818000
2788,27879938,10.153000
2789,27890174,10.236000
2790,27900197,10.023000
2791,27910246,10.049000
2792,27920162,9.916000
2793,27930132,9.970000
2794,27940053,9.921000
2795,27949898,9.845000
2796,27959873,9.975000
2797,27969886,10.013000
2798,27980080,10.194000
2799,27989790,9.710000
2800,27999887,10.097000
2801,28010004,10.117000
2802,28019855,9.851000
2803,28030041,10.186000
2804,28040120,10.079000
2805,28049945,9.825000
2806,28059998,10.053000
2807,28069921,9.923000
2808,28079978,10.057000
2809,28089733,9.755000
2810,28100073,10.340000
2811,28109896,9.823000
2812,28119811,9.915000
2813,28129981,10.170000
2814,28139878,9.897000
2815,28150015,10.137000
2816,28159837,9.822000
2817,28169923,10.086000
2818,28180287,10.364000
2819,28190283,9.996000
2820,28199848,9.565000
2821,28210081,10.233000
2822,28220069,9.988000
2823,28229730,9.661000
2824,28240211,10.481000
2825,28249879,9.668000
2826,28260118,10.239000
2827,28270115,9.997000
2828,28279777,9.662000
2829,28290245,10.468000
2830,28300119,9.874000
2831,28309838,9.719000
2832,28320227,10.389000
2833,28329929,9.702000
2834,28340026,10.097000
2835,28350125,10.099000
2836,28360128,10.003000
2837,28369893,9.765000
2838,28379925,10.032000
2839,28390046,10.121000
2840,28399949,9.903000
2841,28409942,9.993000
2842,28420024,10.082000
2843,28429997,9.973000
2844,28440127,10.130000
2845,28450017,9.890000
2846,28459846,9.829000
2847,28469961,10.115000
2848,28480052,10.091000
2849,28490010,9.958000
2850,28500250,10.240000
2851,28510064,9.814000
2852,28520046,9.982000
2853,28529923,9.877000
2854,28540013,10.090000
2855,28549928,9.915000
2856,28560217,10.289000
2857,28569938,9.721000
2858,28580105,10.167000
2859,28589659,9.554000
2860,28600139,10.480000
2861,28610120,9.981000
2862,28619920,9.800000
2863,28630027,10.107000
2864,28639751,9.724000
2865,28649837,10.086000
2866,28660168,10.331000
2867,28670188,10.020000
2868,28680089,9.901000
2869,28689944,9.855000
2870,28700115,10.171000
2871,28710063,9.948000
2872,28719877,9.814000
2873,28730051,10.174000
2874,28740231,10.180000
2875,28749891,9.660000
2876,28760126,10.235000
2877,28770089,9.963000
2878,28780063,9.974000
2879,28789730,9.667000
2880,28800094,10.364000
2881,28809834,9.740000
2882,28820042,10.208000
2883,28830121,10.079000
2884,28840069,9.948000
2885,28849630,9.561000
2886,28859993,10.363000
2887,28869807,9.814000
2888,28880120,10.313000
2889,28890234,10.114000
2890,28900087,9.853000
2891,28910048,9.961000
2892,28919931,9.883000
2893,28930035,10.104000
2894,28940005,9.970000
2895,28949846,9.841000
2896,28959939,10.093000
2897,28970002,10.063000
2898,28980156,10.154000
2899,28989894,9.738000
2900,29000171,10.277000
2901,29009879,9.708000
2902,29019993,10.114000
2903,29030044,10.051000
2904,29039971,9.927000
2905,29049936,9.965000
2906,29059945,10.009000
2907,29070163,10.218000
2908,29080112,9.949000
2909,29089882,9.770000
2910,29099894,10.012000
2911,29109564,9.670000
2912,29120073,10.509000
2913,29130002,9.929000
2914,29139887,9.885000
2915,29149817,9.930000
2916,29159597,9.780000
2917,29169999,10.402000
2918,29180035,10.036000
2919,29190102,10.067000
2920,29199845,9.743000
2921,29210146,10.301000
2922,29219842,9.696000
2923,29230017,10.175000
2924,29240162,10.145000
2925,29249676,9.514000
2926,29259787,10.111000
2927,29270021,10.234000
2928,29279793,9.772000
2929,29289903,10.110000
2930,29300130,10.227000
2931,29309822,9.692000
2932,29320038,10.216000
2933,29329721,9.683000
2934,29339683,9.962000
2935,29349818,10.135000
2936,29360039,10.221000
2937,29370027,9.988000
2938,29380058,10.031000
2939,29389954,9.896000
2940,29399999,10.045000
2941,29409883,9.884000
2942,29419802,9.919000
2943,29429905,10.103000
2944,29440023,10.118000
2945,29450120,10.097000
2946,29460029,9.909000
2947,29469928,9.899000
2948,29480131,10.203000
2949,29489950,9.819000
2950,29499982,10.032000
2951,29510140,10.158000
2952,29520020,9.880000
2953,29530082,10.062000
2954,29540047,9.965000
2955,29550119,10.072000
2956,29560108,9.989000
2957,29570045,9.937000
2958,29580043,9.998000
2959,29590314,10.271000
2960,29600015,9.701000
2961,29610012,9.997000
2962,29620127,10.115000
2963,29630150,10.023000
2964,29639843,9.693000
